{
  "G1G9e8Xmo9yNZxu6uygj5gAS5r4WzHNPNjEKL3Y1CeHe": {
    "originalActiveBin": -40,
    "minBinId": -89,
    "maxBinId": -20,
    "snapshotPositionValue": 1.4878194686879183,
    "startingPositionValue": 0.9057656940065226
  }
}