{
  "7h93PJheNPgaVAztMqeFszzkaP1pEdsZyE4n6H9KRVE9": {
    "originalActiveBin": -507,
    "minBinId": -507,
    "maxBinId": -438,
    "snapshotPositionValue": 6.166560798637654,
    "startingPositionValue": 6.166560798637654
  },
  "4LqbPmPsF1nDVgCsxaPFiT6wE5HrnP7NjuxNyXj3yLTx": {
    "originalActiveBin": -195,
    "minBinId": -191,
    "maxBinId": -122,
    "snapshotPositionValue": 3.611149022154589,
    "startingPositionValue": 3.611149022154589
  },
  "G1G9e8Xmo9yNZxu6uygj5gAS5r4WzHNPNjEKL3Y1CeHe": {
    "originalActiveBin": -48,
    "minBinId": -89,
    "maxBinId": -20,
    "snapshotPositionValue": 1.2845440307854927,
    "startingPositionValue": 1.2845440307854927
  }
}