{
  "G1G9e8Xmo9yNZxu6uygj5gAS5r4WzHNPNjEKL3Y1CeHe": {
    "originalActiveBin": -65,
    "minBinId": -84,
    "maxBinId": -15,
    "snapshotPositionValue": 1.1328336063773774,
    "startingPositionValue": 1.1417535560337977
  },
  "HZErmEhFdPtEv8miyRNJ6YYDCJVTUDQ8vb6b9gYV1pAY": {
    "originalActiveBin": -178,
    "minBinId": -111,
    "maxBinId": -42,
    "snapshotPositionValue": 0.4756346275067793,
    "startingPositionValue": 0.4652879536884192
  }
}